{
  "pearson_poi_vs_max": {
    "r": 0.6678909913067645,
    "p": 0.00010299309704242158
  },
  "spearman_poi_vs_max": {
    "rho": 0.6438246117788224,
    "p": 0.00021850942874627866
  },
  "pearson_poi_vs_total": {
    "r": 0.6497066289054464,
    "p": 0.00018290549887804426
  },
  "spearman_poi_vs_total": {
    "rho": 0.6012401027479203,
    "p": 0.0007148250410788797
  },
  "best_K": 4,
  "silhouette": {
    "2": 0.22263993405014984,
    "3": 0.17523268007813883,
    "4": 0.1366865211754431,
    "5": 0.0595289449591735,
    "6": 0.08671656815017349
  },
  "cluster_labels": {
    "0": "深夜型(口岸/酒吧)",
    "1": "深夜型(口岸/酒吧)",
    "2": "早峰型(工作地/CBD)",
    "3": "晚峰型(商圈/夜娱)"
  },
  "silhouette_business_K4": 0.329
}